<?xml version="1.0" encoding="UTF-8"?>
<beans xmlns="http://www.springframework.org/schema/beans"
	xmlns:xsi="http://www.w3.org/2001/XMLSchema-instance"
	xmlns:aop="http://www.springframework.org/schema/aop"
	xmlns:context="http://www.springframework.org/schema/context"
	xsi:schemaLocation="http://www.springframework.org/schema/beans http://www.springframework.org/schema/beans/spring-beans.xsd
						http://www.springframework.org/schema/context http://www.springframework.org/schema/context/spring-context-4.3.xsd
						http://www.springframework.org/schema/aop http://www.springframework.org/schema/aop/spring-aop.xsd">

	<bean id="customerService" class="customers.CustomerService">
		<property name="customerDAO" ref="customerDAO" />
		<property name="emailSender" ref="emailSender" />
	</bean>

	<bean id="customerDAO" class="customers.CustomerDAO">
		<constructor-arg ref="logger" />
	</bean>
	<bean id="emailSender" class="customers.EmailSender">
		<constructor-arg ref="logger" />
	</bean>
	<bean id="logger" class="customers.Logger" />
</beans>